Abstime(sec),yyyy-mm-ddTHH:MM:SS.sss,x(m),y(m),z(m),xdot(m/s),ydot(m/s),zdot(m/s),phi(deg.),psi(deg.),theta(deg.),phidot(deg./sec),psidot(deg./sec),thetadot(deg./sec),roll(deg.),pitch(deg.),yaw(deg.)
1619278384.993000,2021-04-24T15:33:04.993,-24486.427055,151815.248883,-1841284.561572,-98.601157,-1620.265502,-126.256408,8.487339486074,23.032389767884,356.316270129479,0.000152000000,0.000000000000,0.000000000000,-25.995012,-0.188328,-0.090735
1619278385.493000,2021-04-24T15:33:05.493,-24535.321834,151005.168038,-1841347.511045,-98.591378,-1620.324355,-125.541257,8.487415675240,23.032389718273,356.316270188837,0.000152000000,0.000000000000,0.000000000000,-25.995028,-0.188375,-0.090844
1619278385.993000,2021-04-24T15:33:05.993,-24584.213874,150195.057969,-1841410.102907,-98.581581,-1620.382898,-124.826075,8.487491864409,23.032389668652,356.316270248516,0.000152000000,0.000000000000,0.000000000000,-25.995043,-0.188418,-0.090941
1619278386.493000,2021-04-24T15:33:06.493,-24633.103165,149384.918832,-1841472.337146,-98.571765,-1620.441132,-124.110865,8.487568053583,23.032389619021,356.316270308492,0.000152000000,0.000000000000,0.000000000000,-25.995057,-0.188455,-0.091027
1619278386.993000,2021-04-24T15:33:06.993,-24681.989697,148574.750782,-1841534.213749,-98.561930,-1620.499057,-123.395625,8.487644242759,23.032389569383,356.316270368742,0.000152000000,0.000000000000,0.000000000000,-25.995069,-0.188489,-0.091104
1619278387.493000,2021-04-24T15:33:07.493,-24730.873462,147764.553974,-1841595.732706,-98.552077,-1620.556671,-122.680357,8.487720431939,23.032389519736,356.316270429245,0.000152000000,0.000000000000,0.000000000000,-25.995081,-0.188518,-0.091172
1619278387.993000,2021-04-24T15:33:07.993,-24779.754450,146954.328564,-1841656.894003,-98.542206,-1620.613975,-121.965060,8.487796621121,23.032389470082,356.316270489981,0.000152000000,0.000000000000,0.000000000000,-25.995092,-0.188545,-0.091232
1619278388.493000,2021-04-24T15:33:08.493,-24828.632652,146144.074708,-1841717.697630,-98.532315,-1620.670969,-121.249735,8.487872810306,23.032389420421,356.316270550929,0.000152000000,0.000000000000,0.000000000000,-25.995102,-0.188568,-0.091285
1619278388.993000,2021-04-24T15:33:08.993,-24877.508058,145333.792561,-1841778.143573,-98.522407,-1620.727651,-120.534381,8.487948999494,23.032389370755,356.316270612072,0.000152000000,0.000000000000,0.000000000000,-25.995111,-0.188588,-0.091330
1619278389.493000,2021-04-24T15:33:09.493,-24926.380660,144523.482279,-1841838.231821,-98.512479,-1620.784023,-119.819000,8.488025188684,23.032389321082,356.316270673393,0.000152000000,0.000000000000,0.000000000000,-25.995119,-0.188605,-0.091369
1619278389.993000,2021-04-24T15:33:09.993,-24975.250447,143713.144020,-1841897.962361,-98.502533,-1620.840082,-119.103592,8.488101377876,23.032389271405,356.316270734874,0.000152000000,0.000000000000,0.000000000000,-25.995127,-0.188620,-0.091402
1619278390.493000,2021-04-24T15:33:10.493,-25024.117410,142902.777937,-1841957.335182,-98.492568,-1620.895830,-118.388155,8.488177567069,23.032389221723,356.316270796501,0.000152000000,0.000000000000,0.000000000000,-25.995134,-0.188633,-0.091430
1619278390.993000,2021-04-24T15:33:10.993,-25072.981541,142092.384189,-1842016.350271,-98.482584,-1620.951266,-117.672692,8.488253756265,23.032389172036,356.316270858260,0.000152000000,0.000000000000,0.000000000000,-25.995141,-0.188644,-0.091452
1619278391.493000,2021-04-24T15:33:11.493,-25121.842829,141281.962930,-1842075.007616,-98.472582,-1621.006390,-116.957201,8.488329945462,23.032389122346,356.316270920135,0.000152000000,0.000000000000,0.000000000000,-25.995147,-0.188653,-0.091471
1619278391.993000,2021-04-24T15:33:11.993,-25170.701266,140471.514318,-1842133.307204,-98.462561,-1621.061201,-116.241684,8.488406134660,23.032389072652,356.316270982116,0.000152000000,0.000000000000,0.000000000000,-25.995153,-0.188660,-0.091485
1619278392.493000,2021-04-24T15:33:12.493,-25219.556842,139661.038509,-1842191.249024,-98.452522,-1621.115700,-115.526140,8.488482323860,23.032389022956,356.316271044189,0.000152000000,0.000000000000,0.000000000000,-25.995159,-0.188667,-0.091496
1619278392.993000,2021-04-24T15:33:12.993,-25268.409548,138850.535659,-1842248.833062,-98.442463,-1621.169886,-114.810569,8.488558513061,23.032388973256,356.316271106343,0.000152000000,0.000000000000,0.000000000000,-25.995165,-0.188672,-0.091504
1619278393.493000,2021-04-24T15:33:13.493,-25317.259374,138040.005924,-1842306.059308,-98.432386,-1621.223759,-114.094973,8.488634702262,23.032388923554,356.316271168567,0.000152000000,0.000000000000,0.000000000000,-25.995170,-0.188676,-0.091509
1619278393.993000,2021-04-24T15:33:13.993,-25366.106311,137229.449463,-1842362.927748,-98.422291,-1621.277318,-113.379350,8.488710891465,23.032388873850,356.316271230853,0.000152000000,0.000000000000,0.000000000000,-25.995175,-0.188679,-0.091512
1619278394.493000,2021-04-24T15:33:14.493,-25414.950350,136418.866430,-1842419.438370,-98.412176,-1621.330564,-112.663701,8.488787080668,23.032388824144,356.316271293190,0.000152000000,0.000000000000,0.000000000000,-25.995180,-0.188681,-0.091512
1619278394.993000,2021-04-24T15:33:14.993,-25463.791481,135608.256983,-1842475.591162,-98.402043,-1621.383497,-111.948026,8.488863269873,23.032388774437,356.316271355571,0.000152000000,0.000000000000,0.000000000000,-25.995185,-0.188683,-0.091511
1619278395.493000,2021-04-24T15:33:15.493,-25512.629696,134797.621279,-1842531.386111,-98.391891,-1621.436116,-111.232325,8.488939459077,23.032388724728,356.316271417987,0.000152000000,0.000000000000,0.000000000000,-25.995189,-0.188685,-0.091508
1619278395.993000,2021-04-24T15:33:15.993,-25561.464984,133986.959475,-1842586.823205,-98.381720,-1621.488421,-110.516599,8.489015648282,23.032388675018,356.316271480431,0.000152000000,0.000000000000,0.000000000000,-25.995194,-0.188686,-0.091504
1619278396.493000,2021-04-24T15:33:16.493,-25610.297336,133176.271727,-1842641.902433,-98.371531,-1621.540412,-109.800847,8.489091837488,23.032388625307,356.316271542896,0.000152000000,0.000000000000,0.000000000000,-25.995199,-0.188687,-0.091499
1619278396.993000,2021-04-24T15:33:16.993,-25659.126743,132365.558192,-1842696.623781,-98.361322,-1621.592089,-109.085070,8.489168026694,23.032388575596,356.316271605376,0.000152000000,0.000000000000,0.000000000000,-25.995204,-0.188688,-0.091493
1619278397.493000,2021-04-24T15:33:17.493,-25707.953196,131554.819028,-1842750.987237,-98.351095,-1621.643452,-108.369268,8.489244215900,23.032388525883,356.316271667866,0.000152000000,0.000000000000,0.000000000000,-25.995208,-0.188688,-0.091486
1619278397.993000,2021-04-24T15:33:17.993,-25756.776685,130744.054391,-1842804.992790,-98.340849,-1621.694501,-107.653441,8.489320405107,23.032388476171,356.316271730360,0.000152000000,0.000000000000,0.000000000000,-25.995213,-0.188689,-0.091480
1619278398.493000,2021-04-24T15:33:18.493,-25805.597202,129933.264439,-1842858.640426,-98.330585,-1621.745235,-106.937589,8.489396594314,23.032388426458,356.316271792854,0.000152000000,0.000000000000,0.000000000000,-25.995218,-0.188690,-0.091473
1619278398.993000,2021-04-24T15:33:18.993,-25854.414735,129122.449329,-1842911.930134,-98.320301,-1621.795655,-106.221713,8.489472783520,23.032388376745,356.316271855344,0.000152000000,0.000000000000,0.000000000000,-25.995223,-0.188691,-0.091466
1619278399.493000,2021-04-24T15:33:19.493,-25903.229277,128311.609218,-1842964.861901,-98.309999,-1621.845761,-105.505811,8.489548972727,23.032388327032,356.316271917825,0.000152000000,0.000000000000,0.000000000000,-25.995228,-0.188692,-0.091459
1619278399.993000,2021-04-24T15:33:19.993,-25952.040818,127500.744262,-1843017.435715,-98.299678,-1621.895551,-104.789885,8.489625161934,23.032388277319,356.316271980294,0.000152000000,0.000000000000,0.000000000000,-25.995233,-0.188693,-0.091452
1619278400.493000,2021-04-24T15:33:20.493,-26000.849349,126689.854620,-1843069.651565,-98.289338,-1621.945027,-104.073935,8.489701351141,23.032388227607,356.316272042749,0.000152000000,0.000000000000,0.000000000000,-25.995239,-0.188695,-0.091446
1619278400.993000,2021-04-24T15:33:20.993,-26049.654859,125878.940449,-1843121.509437,-98.278980,-1621.994188,-103.357960,8.489777540348,23.032388177895,356.316272105186,0.000152000000,0.000000000000,0.000000000000,-25.995244,-0.188697,-0.091440
1619278401.493000,2021-04-24T15:33:21.493,-26098.457341,125068.001906,-1843173.009319,-98.268603,-1622.043035,-102.641962,8.489853729555,23.032388128183,356.316272167603,0.000152000000,0.000000000000,0.000000000000,-25.995250,-0.188699,-0.091435
1619278401.993000,2021-04-24T15:33:21.993,-26147.256784,124257.039148,-1843224.151201,-98.258206,-1622.091566,-101.925939,8.489929918761,23.032388078471,356.316272229999,0.000152000000,0.000000000000,0.000000000000,-25.995255,-0.188702,-0.091431
1619278402.493000,2021-04-24T15:33:22.493,-26196.053179,123446.052332,-1843274.935069,-98.247791,-1622.139783,-101.209892,8.490006107968,23.032388028760,356.316272292372,0.000152000000,0.000000000000,0.000000000000,-25.995261,-0.188705,-0.091427
1619278402.993000,2021-04-24T15:33:22.993,-26244.846517,122635.041616,-1843325.360911,-98.237358,-1622.187684,-100.493821,8.490082297174,23.032387979049,356.316272354720,0.000152000000,0.000000000000,0.000000000000,-25.995267,-0.188709,-0.091425
1619278403.493000,2021-04-24T15:33:23.493,-26293.636788,121824.007158,-1843375.428716,-98.226905,-1622.235270,-99.777726,8.490158486381,23.032387929340,356.316272417043,0.000152000000,0.000000000000,0.000000000000,-25.995273,-0.188713,-0.091423
1619278403.993000,2021-04-24T15:33:23.993,-26342.423984,121012.949115,-1843425.138471,-98.216434,-1622.282542,-99.061608,8.490234675587,23.032387879630,356.316272479339,0.000152000000,0.000000000000,0.000000000000,-25.995279,-0.188718,-0.091422
1619278404.493000,2021-04-24T15:33:24.493,-26391.208094,120201.867644,-1843474.490165,-98.205943,-1622.329498,-98.345467,8.490310864793,23.032387829922,356.316272541607,0.000152000000,0.000000000000,0.000000000000,-25.995285,-0.188723,-0.091423
1619278404.993000,2021-04-24T15:33:24.993,-26439.989109,119390.762903,-1843523.483786,-98.195434,-1622.376139,-97.629302,8.490387053998,23.032387780213,356.316272603849,0.000152000000,0.000000000000,0.000000000000,-25.995291,-0.188728,-0.091424
1619278405.493000,2021-04-24T15:33:25.493,-26488.767021,118579.635048,-1843572.119322,-98.184907,-1622.422465,-96.913113,8.490463243204,23.032387730506,356.316272666062,0.000152000000,0.000000000000,0.000000000000,-25.995298,-0.188734,-0.091426
1619278405.993000,2021-04-24T15:33:25.993,-26537.541819,117768.484239,-1843620.396761,-98.174360,-1622.468476,-96.196901,8.490539432409,23.032387680799,356.316272728248,0.000152000000,0.000000000000,0.000000000000,-25.995304,-0.188740,-0.091430
1619278406.493000,2021-04-24T15:33:26.493,-26586.313495,116957.310632,-1843668.316091,-98.163795,-1622.514172,-95.480667,8.490615621614,23.032387631093,356.316272790406,0.000152000000,0.000000000000,0.000000000000,-25.995311,-0.188747,-0.091435
1619278406.993000,2021-04-24T15:33:26.993,-26635.082038,116146.114385,-1843715.877301,-98.153210,-1622.559552,-94.764409,8.490691810819,23.032387581388,356.316272852538,0.000152000000,0.000000000000,0.000000000000,-25.995318,-0.188754,-0.091440
1619278407.493000,2021-04-24T15:33:27.493,-26683.847441,115334.895655,-1843763.080379,-98.142607,-1622.604617,-94.048128,8.490768000024,23.032387531683,356.316272914642,0.000152000000,0.000000000000,0.000000000000,-25.995325,-0.188762,-0.091447
1619278407.993000,2021-04-24T15:33:27.993,-26732.609692,114523.654600,-1843809.925313,-98.131986,-1622.649367,-93.331825,8.490844189228,23.032387481979,356.316272976721,0.000152000000,0.000000000000,0.000000000000,-25.995332,-0.188770,-0.091456
1619278408.493000,2021-04-24T15:33:28.493,-26781.368784,113712.391378,-1843856.412092,-98.121345,-1622.693802,-92.615498,8.490920378433,23.032387432276,356.316273038775,0.000152000000,0.000000000000,0.000000000000,-25.995339,-0.188778,-0.091465
1619278408.993000,2021-04-24T15:33:28.993,-26830.124706,112901.106145,-1843902.540705,-98.110685,-1622.737921,-91.899150,8.490996567637,23.032387382573,356.316273100804,0.000152000000,0.000000000000,0.000000000000,-25.995346,-0.188787,-0.091475
1619278409.493000,2021-04-24T15:33:29.493,-26878.877449,112089.799060,-1843948.311139,-98.100007,-1622.781725,-91.182778,8.491072756841,23.032387332871,356.316273162810,0.000152000000,0.000000000000,0.000000000000,-25.995353,-0.188796,-0.091487
1619278409.993000,2021-04-24T15:33:29.993,-26927.627004,111278.470281,-1843993.723384,-98.089310,-1622.825214,-90.466385,8.491148946044,23.032387283169,356.316273224794,0.000152000000,0.000000000000,0.000000000000,-25.995360,-0.188805,-0.091499
1619278410.493000,2021-04-24T15:33:30.493,-26976.373362,110467.119964,-1844038.777429,-98.078594,-1622.868387,-89.749969,8.491225135248,23.032387233468,356.316273286757,0.000152000000,0.000000000000,0.000000000000,-25.995367,-0.188815,-0.091513
1619278410.993000,2021-04-24T15:33:30.993,-27025.116513,109655.748268,-1844083.473261,-98.067860,-1622.911246,-89.033531,8.491301324452,23.032387183767,356.316273348700,0.000152000000,0.000000000000,0.000000000000,-25.995374,-0.188825,-0.091527
1619278411.493000,2021-04-24T15:33:31.493,-27073.856448,108844.355349,-1844127.810869,-98.057106,-1622.953789,-88.317071,8.491377513655,23.032387134067,356.316273410624,0.000152000000,0.000000000000,0.000000000000,-25.995381,-0.188835,-0.091543
1619278411.993000,2021-04-24T15:33:31.993,-27122.593157,108032.941367,-1844171.790244,-98.046334,-1622.996016,-87.600588,8.491453702858,23.032387084367,356.316273472532,0.000152000000,0.000000000000,0.000000000000,-25.995388,-0.188845,-0.091560
1619278412.493000,2021-04-24T15:33:32.493,-27171.326632,107221.506478,-1844215.411373,-98.035543,-1623.037929,-86.884084,8.491529892061,23.032387034668,356.316273534423,0.000152000000,0.000000000000,0.000000000000,-25.995395,-0.188855,-0.091577
1619278412.993000,2021-04-24T15:33:32.993,-27220.056862,106410.050839,-1844258.674245,-98.024733,-1623.079526,-86.167559,8.491606081264,23.032386984969,356.316273596300,0.000152000000,0.000000000000,0.000000000000,-25.995402,-0.188866,-0.091596
1619278413.493000,2021-04-24T15:33:33.493,-27268.783839,105598.574610,-1844301.578849,-98.013905,-1623.120808,-85.451012,8.491682270467,23.032386935270,356.316273658164,0.000152000000,0.000000000000,0.000000000000,-25.995410,-0.188877,-0.091615
1619278413.993000,2021-04-24T15:33:33.993,-27317.507553,104787.077946,-1844344.125175,-98.003057,-1623.161774,-84.734443,8.491758459670,23.032386885572,356.316273720017,0.000152000000,0.000000000000,0.000000000000,-25.995417,-0.188887,-0.091635
1619278414.493000,2021-04-24T15:33:34.493,-27366.227995,103975.561006,-1844386.313212,-97.992191,-1623.202425,-84.017853,8.491834648873,23.032386835874,356.316273781860,0.000152000000,0.000000000000,0.000000000000,-25.995423,-0.188898,-0.091656
1619278414.993000,2021-04-24T15:33:34.993,-27414.945155,103164.023948,-1844428.142948,-97.981306,-1623.242762,-83.301241,8.491910838076,23.032386786176,356.316273843694,0.000152000000,0.000000000000,0.000000000000,-25.995430,-0.188909,-0.091677
1619278415.493000,2021-04-24T15:33:35.493,-27463.659025,102352.466929,-1844469.614374,-97.970402,-1623.282782,-82.584609,8.491987027279,23.032386736478,356.316273905520,0.000152000000,0.000000000000,0.000000000000,-25.995437,-0.188920,-0.091700
1619278415.993000,2021-04-24T15:33:35.993,-27512.369594,101540.890107,-1844510.727478,-97.959480,-1623.322488,-81.867955,8.492063216482,23.032386686780,356.316273967342,0.000152000000,0.000000000000,0.000000000000,-25.995444,-0.188930,-0.091722
1619278416.493000,2021-04-24T15:33:36.493,-27561.076854,100729.293639,-1844551.482250,-97.948539,-1623.361878,-81.151281,8.492139405685,23.032386637083,356.316274029158,0.000152000000,0.000000000000,0.000000000000,-25.995450,-0.188941,-0.091746
1619278416.993000,2021-04-24T15:33:36.993,-27609.780795,99917.677683,-1844591.878680,-97.937578,-1623.400953,-80.434585,8.492215594888,23.032386587385,356.316274090973,0.000152000000,0.000000000000,0.000000000000,-25.995457,-0.188951,-0.091770
1619278417.493000,2021-04-24T15:33:37.493,-27658.481407,99106.042397,-1844631.916756,-97.926600,-1623.439713,-79.717869,8.492291784091,23.032386537688,356.316274152785,0.000152000000,0.000000000000,0.000000000000,-25.995463,-0.188962,-0.091794
1619278417.993000,2021-04-24T15:33:37.993,-27707.178683,98294.387938,-1844671.596469,-97.915602,-1623.478158,-79.001133,8.492367973294,23.032386487991,356.316274214597,0.000152000000,0.000000000000,0.000000000000,-25.995469,-0.188972,-0.091819
1619278418.493000,2021-04-24T15:33:38.493,-27755.872611,97482.714464,-1844710.917808,-97.904586,-1623.516287,-78.284376,8.492444162497,23.032386438293,356.316274276411,0.000152000000,0.000000000000,0.000000000000,-25.995475,-0.188982,-0.091844
1619278418.993000,2021-04-24T15:33:38.993,-27804.563183,96671.022132,-1844749.880763,-97.893551,-1623.554102,-77.567598,8.492520351700,23.032386388596,356.316274338227,0.000152000000,0.000000000000,0.000000000000,-25.995481,-0.188991,-0.091870
1619278419.493000,2021-04-24T15:33:39.493,-27853.250389,95859.311101,-1844788.485324,-97.882497,-1623.591601,-76.850801,8.492596540903,23.032386338898,356.316274400047,0.000152000000,0.000000000000,0.000000000000,-25.995487,-0.189001,-0.091896
1619278419.993000,2021-04-24T15:33:39.993,-27901.934221,95047.581528,-1844826.731481,-97.871424,-1623.628785,-76.133984,8.492672730106,23.032386289200,356.316274461871,0.000152000000,0.000000000000,0.000000000000,-25.995492,-0.189010,-0.091922
1619278420.493000,2021-04-24T15:33:40.493,-27950.614669,94235.833571,-1844864.619223,-97.860333,-1623.665653,-75.417146,8.492748919310,23.032386239502,356.316274523701,0.000152000000,0.000000000000,0.000000000000,-25.995498,-0.189019,-0.091948
1619278420.993000,2021-04-24T15:33:40.993,-27999.291723,93424.067386,-1844902.148542,-97.849223,-1623.702207,-74.700289,8.492825108514,23.032386189804,356.316274585539,0.000152000000,0.000000000000,0.000000000000,-25.995503,-0.189027,-0.091975
1619278421.493000,2021-04-24T15:33:41.493,-28047.965374,92612.283133,-1844939.319426,-97.838094,-1623.738445,-73.983412,8.492901297717,23.032386140105,356.316274647384,0.000152000000,0.000000000000,0.000000000000,-25.995508,-0.189035,-0.092001
1619278421.993000,2021-04-24T15:33:41.993,-28096.635613,91800.480967,-1844976.131866,-97.826947,-1623.774369,-73.266516,8.492977486921,23.032386090407,356.316274709239,0.000152000000,0.000000000000,0.000000000000,-25.995513,-0.189043,-0.092028
1619278422.493000,2021-04-24T15:33:42.493,-28145.302431,90988.661048,-1845012.585853,-97.815780,-1623.809977,-72.549600,8.493053676125,23.032386040708,356.316274771103,0.000152000000,0.000000000000,0.000000000000,-25.995517,-0.189050,-0.092055
1619278422.993000,2021-04-24T15:33:42.993,-28193.965817,90176.823533,-1845048.681377,-97.804595,-1623.845269,-71.832666,8.493129865330,23.032385991009,356.316274832978,0.000152000000,0.000000000000,0.000000000000,-25.995522,-0.189057,-0.092082
1619278423.493000,2021-04-24T15:33:43.493,-28242.625764,89364.968579,-1845084.418427,-97.793391,-1623.880247,-71.115712,8.493206054534,23.032385941309,356.316274894864,0.000152000000,0.000000000000,0.000000000000,-25.995526,-0.189064,-0.092108
1619278423.993000,2021-04-24T15:33:43.993,-28291.282261,88553.096344,-1845119.796996,-97.782169,-1623.914910,-70.398739,8.493282243739,23.032385891609,356.316274956763,0.000152000000,0.000000000000,0.000000000000,-25.995530,-0.189070,-0.092135
1619278424.493000,2021-04-24T15:33:44.493,-28339.935300,87741.206986,-1845154.817072,-97.770928,-1623.949257,-69.681747,8.493358432944,23.032385841909,356.316275018674,0.000152000000,0.000000000000,0.000000000000,-25.995534,-0.189075,-0.092161
1619278424.993000,2021-04-24T15:33:44.993,-28388.584871,86929.300662,-1845189.478648,-97.759668,-1623.983289,-68.964736,8.493434622149,23.032385792208,356.316275080599,0.000152000000,0.000000000000,0.000000000000,-25.995537,-0.189080,-0.092188
1619278425.493000,2021-04-24T15:33:45.493,-28437.230964,86117.377530,-1845223.781713,-97.748389,-1624.017006,-68.247707,8.493510811354,23.032385742507,356.316275142537,0.000152000000,0.000000000000,0.000000000000,-25.995541,-0.189085,-0.092214
1619278425.993000,2021-04-24T15:33:45.993,-28485.873570,85305.437747,-1845257.726259,-97.737092,-1624.050408,-67.530660,8.493587000560,23.032385692806,356.316275204490,0.000152000000,0.000000000000,0.000000000000,-25.995544,-0.189089,-0.092240
1619278426.493000,2021-04-24T15:33:46.493,-28534.512681,84493.481472,-1845291.312276,-97.725776,-1624.083495,-66.813595,8.493663189765,23.032385643104,356.316275266457,0.000152000000,0.000000000000,0.000000000000,-25.995547,-0.189092,-0.092266
1619278426.993000,2021-04-24T15:33:46.993,-28583.148286,83681.508861,-1845324.539755,-97.714441,-1624.116266,-66.096511,8.493739378971,23.032385593402,356.316275328439,0.000152000000,0.000000000000,0.000000000000,-25.995549,-0.189095,-0.092291
1619278427.493000,2021-04-24T15:33:47.493,-28631.780376,82869.520074,-1845357.408688,-97.703088,-1624.148722,-65.379409,8.493815568178,23.032385543699,356.316275390436,0.000152000000,0.000000000000,0.000000000000,-25.995552,-0.189097,-0.092316
1619278427.993000,2021-04-24T15:33:47.993,-28680.408943,82057.515266,-1845389.919066,-97.691716,-1624.180863,-64.662290,8.493891757384,23.032385493996,356.316275452449,0.000152000000,0.000000000000,0.000000000000,-25.995554,-0.189099,-0.092341
1619278428.493000,2021-04-24T15:33:48.493,-28729.033977,81245.494596,-1845422.070879,-97.680325,-1624.212689,-63.945153,8.493967946591,23.032385444292,356.316275514476,0.000152000000,0.000000000000,0.000000000000,-25.995556,-0.189100,-0.092366
1619278428.993000,2021-04-24T15:33:48.993,-28777.655468,80433.458221,-1845453.864119,-97.668916,-1624.244200,-63.227998,8.494044135798,23.032385394588,356.316275576519,0.000152000000,0.000000000000,0.000000000000,-25.995557,-0.189101,-0.092390
1619278429.493000,2021-04-24T15:33:49.493,-28826.273407,79621.406300,-1845485.298777,-97.657488,-1624.275395,-62.510827,8.494120325005,23.032385344884,356.316275638578,0.000152000000,0.000000000000,0.000000000000,-25.995559,-0.189101,-0.092413
1619278429.993000,2021-04-24T15:33:49.993,-28874.887785,78809.338990,-1845516.374845,-97.646041,-1624.306275,-61.793638,8.494196514212,23.032385295179,356.316275700651,0.000152000000,0.000000000000,0.000000000000,-25.995560,-0.189100,-0.092437
1619278430.493000,2021-04-24T15:33:50.493,-28923.498593,77997.256447,-1845547.092315,-97.634575,-1624.336840,-61.076432,8.494272703420,23.032385245474,356.316275762740,0.000152000000,0.000000000000,0.000000000000,-25.995561,-0.189099,-0.092460
1619278430.993000,2021-04-24T15:33:50.993,-28972.105821,77185.158831,-1845577.451177,-97.623091,-1624.367089,-60.359209,8.494348892628,23.032385195768,356.316275824843,0.000152000000,0.000000000000,0.000000000000,-25.995562,-0.189097,-0.092482
1619278431.493000,2021-04-24T15:33:51.493,-29020.709460,76373.046299,-1845607.451424,-97.611588,-1624.397023,-59.641969,8.494425081836,23.032385146062,356.316275886961,0.000152000000,0.000000000000,0.000000000000,-25.995562,-0.189095,-0.092505
1619278431.993000,2021-04-24T15:33:51.993,-29069.309501,75560.919009,-1845637.093047,-97.600067,-1624.426642,-58.924713,8.494501271045,23.032385096356,356.316275949092,0.000152000000,0.000000000000,0.000000000000,-25.995563,-0.189092,-0.092526
1619278432.493000,2021-04-24T15:33:52.493,-29117.905934,74748.777117,-1845666.376039,-97.588527,-1624.455946,-58.207440,8.494577460253,23.032385046649,356.316276011238,0.000152000000,0.000000000000,0.000000000000,-25.995563,-0.189089,-0.092548
1619278432.993000,2021-04-24T15:33:52.993,-29166.498750,73936.620782,-1845695.300390,-97.576968,-1624.484934,-57.490151,8.494653649462,23.032384996942,356.316276073397,0.000152000000,0.000000000000,0.000000000000,-25.995563,-0.189085,-0.092568
1619278433.493000,2021-04-24T15:33:53.493,-29215.087940,73124.450162,-1845723.866094,-97.565391,-1624.513607,-56.772847,8.494729838671,23.032384947235,356.316276135568,0.000152000000,0.000000000000,0.000000000000,-25.995562,-0.189080,-0.092589
1619278433.993000,2021-04-24T15:33:53.993,-29263.673495,72312.265414,-1845752.073141,-97.553795,-1624.541964,-56.055526,8.494806027881,23.032384897527,356.316276197752,0.000152000000,0.000000000000,0.000000000000,-25.995562,-0.189075,-0.092609
1619278434.493000,2021-04-24T15:33:54.493,-29312.255405,71500.066696,-1845779.921525,-97.542180,-1624.570006,-55.338189,8.494882217090,23.032384847818,356.316276259947,0.000152000000,0.000000000000,0.000000000000,-25.995561,-0.189069,-0.092628
1619278434.993000,2021-04-24T15:33:54.993,-29360.833661,70687.854166,-1845807.411238,-97.530547,-1624.597733,-54.620837,8.494958406300,23.032384798110,356.316276322153,0.000152000000,0.000000000000,0.000000000000,-25.995560,-0.189063,-0.092647
1619278435.493000,2021-04-24T15:33:55.493,-29409.408254,69875.627981,-1845834.542271,-97.518895,-1624.625144,-53.903469,8.495034595510,23.032384748401,356.316276384369,0.000152000000,0.000000000000,0.000000000000,-25.995559,-0.189056,-0.092666
1619278435.993000,2021-04-24T15:33:55.993,-29457.979174,69063.388299,-1845861.314617,-97.507224,-1624.652239,-53.186087,8.495110784720,23.032384698692,356.316276446595,0.000152000000,0.000000000000,0.000000000000,-25.995557,-0.189049,-0.092684
1619278436.493000,2021-04-24T15:33:56.493,-29506.546412,68251.135278,-1845887.728269,-97.495535,-1624.679019,-52.468689,8.495186973930,23.032384648983,356.316276508829,0.000152000000,0.000000000000,0.000000000000,-25.995556,-0.189042,-0.092702
1619278436.993000,2021-04-24T15:33:56.993,-29555.109960,67438.869076,-1845913.783220,-97.483827,-1624.705484,-51.751276,8.495263163141,23.032384599273,356.316276571072,0.000152000000,0.000000000000,0.000000000000,-25.995554,-0.189033,-0.092719
1619278437.493000,2021-04-24T15:33:57.493,-29603.669807,66626.589850,-1845939.479461,-97.472100,-1624.731633,-51.033848,8.495339352352,23.032384549564,356.316276633321,0.000152000000,0.000000000000,0.000000000000,-25.995552,-0.189025,-0.092736
1619278437.993000,2021-04-24T15:33:57.993,-29652.225944,65814.297758,-1845964.816985,-97.460355,-1624.757466,-50.316405,8.495415541562,23.032384499854,356.316276695577,0.000152000000,0.000000000000,0.000000000000,-25.995550,-0.189016,-0.092752
1619278438.493000,2021-04-24T15:33:58.493,-29700.778362,65001.992959,-1845989.795786,-97.448592,-1624.782983,-49.598949,8.495491730774,23.032384450144,356.316276757839,0.000152000000,0.000000000000,0.000000000000,-25.995547,-0.189006,-0.092768
1619278438.993000,2021-04-24T15:33:58.993,-29749.327052,64189.675609,-1846014.415856,-97.436809,-1624.808185,-48.881478,8.495567919985,23.032384400434,356.316276820104,0.000152000000,0.000000000000,0.000000000000,-25.995545,-0.188996,-0.092784
1619278439.493000,2021-04-24T15:33:59.493,-29797.872005,63377.345866,-1846038.677188,-97.425008,-1624.833072,-48.163992,8.495644109196,23.032384350723,356.316276882374,0.000152000000,0.000000000000,0.000000000000,-25.995542,-0.188986,-0.092799
1619278439.993000,2021-04-24T15:33:59.993,-29846.413210,62565.003889,-1846062.579776,-97.413189,-1624.857642,-47.446493,8.495720298408,23.032384301013,356.316276944646,0.000152000000,0.000000000000,0.000000000000,-25.995540,-0.188976,-0.092814
1619278440.493000,2021-04-24T15:34:00.493,-29894.950660,61752.649835,-1846086.123611,-97.401351,-1624.881897,-46.728980,8.495796487619,23.032384251302,356.316277006920,0.000152000000,0.000000000000,0.000000000000,-25.995537,-0.188965,-0.092829
1619278440.993000,2021-04-24T15:34:00.993,-29943.484345,60940.283863,-1846109.308688,-97.389494,-1624.905836,-46.011453,8.495872676831,23.032384201592,356.316277069194,0.000152000000,0.000000000000,0.000000000000,-25.995534,-0.188953,-0.092843
1619278441.493000,2021-04-24T15:34:01.493,-29992.014255,60127.906129,-1846132.134999,-97.377618,-1624.929459,-45.293913,8.495948866043,23.032384151881,356.316277131469,0.000152000000,0.000000000000,0.000000000000,-25.995530,-0.188942,-0.092857
1619278441.993000,2021-04-24T15:34:01.993,-30040.540381,59315.516792,-1846154.602538,-97.365724,-1624.952766,-44.576360,8.496025055255,23.032384102171,356.316277193743,0.000152000000,0.000000000000,0.000000000000,-25.995527,-0.188930,-0.092871
1619278442.493000,2021-04-24T15:34:02.493,-30089.062714,58503.116010,-1846176.711298,-97.353812,-1624.975757,-43.858793,8.496101244467,23.032384052461,356.316277256014,0.000152000000,0.000000000000,0.000000000000,-25.995524,-0.188918,-0.092884
1619278442.993000,2021-04-24T15:34:02.993,-30137.581245,57690.703940,-1846198.461273,-97.341881,-1624.998433,-43.141213,8.496177433679,23.032384002750,356.316277318283,0.000152000000,0.000000000000,0.000000000000,-25.995520,-0.188906,-0.092897
1619278443.493000,2021-04-24T15:34:03.493,-30186.095964,56878.280741,-1846219.852457,-97.329931,-1625.020792,-42.423621,8.496253622891,23.032383953040,356.316277380548,0.000152000000,0.000000000000,0.000000000000,-25.995517,-0.188893,-0.092910
1619278443.993000,2021-04-24T15:34:03.993,-30234.606863,56065.846570,-1846240.884842,-97.317963,-1625.042835,-41.706016,8.496329812103,23.032383903330,356.316277442809,0.000152000000,0.000000000000,0.000000000000,-25.995513,-0.188880,-0.092923
1619278444.493000,2021-04-24T15:34:04.493,-30283.113931,55253.401586,-1846261.558423,-97.305976,-1625.064563,-40.988398,8.496406001315,23.032383853620,356.316277505063,0.000152000000,0.000000000000,0.000000000000,-25.995509,-0.188867,-0.092935
1619278444.993000,2021-04-24T15:34:04.993,-30331.617160,54440.945946,-1846281.873193,-97.293970,-1625.085974,-40.270768,8.496482190528,23.032383803910,356.316277567312,0.000152000000,0.000000000000,0.000000000000,-25.995505,-0.188854,-0.092948
1619278445.493000,2021-04-24T15:34:05.493,-30380.116541,53628.479809,-1846301.829146,-97.281946,-1625.107069,-39.553125,8.496558379740,23.032383754200,356.316277629553,0.000152000000,0.000000000000,0.000000000000,-25.995501,-0.188841,-0.092960
1619278445.993000,2021-04-24T15:34:05.993,-30428.612063,52816.003332,-1846321.426277,-97.269904,-1625.127848,-38.835471,8.496634568952,23.032383704491,356.316277691786,0.000152000000,0.000000000000,0.000000000000,-25.995497,-0.188828,-0.092972
1619278446.493000,2021-04-24T15:34:06.493,-30477.103718,52003.516674,-1846340.664579,-97.257843,-1625.148311,-38.117805,8.496710758165,23.032383654781,356.316277754011,0.000152000000,0.000000000000,0.000000000000,-25.995493,-0.188815,-0.092984
1619278446.993000,2021-04-24T15:34:06.993,-30525.591498,51191.019991,-1846359.544045,-97.245763,-1625.168457,-37.400127,8.496786947377,23.032383605072,356.316277816225,0.000152000000,0.000000000000,0.000000000000,-25.995489,-0.188802,-0.092995
1619278447.493000,2021-04-24T15:34:07.493,-30574.075391,50378.513444,-1846378.064672,-97.233665,-1625.188287,-36.682437,8.496863136589,23.032383555364,356.316277878430,0.000152000000,0.000000000000,0.000000000000,-25.995485,-0.188788,-0.093007
1619278447.993000,2021-04-24T15:34:07.993,-30622.555390,49565.997189,-1846396.226451,-97.221548,-1625.207801,-35.964736,8.496939325802,23.032383505655,356.316277940624,0.000152000000,0.000000000000,0.000000000000,-25.995480,-0.188775,-0.093019
1619278448.493000,2021-04-24T15:34:08.493,-30671.031484,48753.471385,-1846414.029379,-97.209412,-1625.226999,-35.247024,8.497015515014,23.032383455947,356.316278002806,0.000152000000,0.000000000000,0.000000000000,-25.995476,-0.188762,-0.093030
1619278448.993000,2021-04-24T15:34:08.993,-30719.503665,47940.936189,-1846431.473449,-97.197258,-1625.245880,-34.529301,8.497091704227,23.032383406239,356.316278064975,0.000152000000,0.000000000000,0.000000000000,-25.995472,-0.188749,-0.093042
1619278449.493000,2021-04-24T15:34:09.493,-30767.971924,47128.391761,-1846448.558655,-97.185086,-1625.264445,-33.811566,8.497167893439,23.032383356531,356.316278127133,0.000152000000,0.000000000000,0.000000000000,-25.995467,-0.188736,-0.093054
1619278449.993000,2021-04-24T15:34:09.993,-30816.436251,46315.838257,-1846465.284993,-97.172894,-1625.282693,-33.093821,8.497244082651,23.032383306824,356.316278189277,0.000152000000,0.000000000000,0.000000000000,-25.995463,-0.188723,-0.093065
1619278450.493000,2021-04-24T15:34:10.493,-30864.896637,45503.275837,-1846481.652456,-97.160685,-1625.300625,-32.376066,8.497320271863,23.032383257117,356.316278251407,0.000152000000,0.000000000000,0.000000000000,-25.995459,-0.188710,-0.093077
1619278450.993000,2021-04-24T15:34:10.993,-30913.353072,44690.704658,-1846497.661040,-97.148457,-1625.318240,-31.658299,8.497396461076,23.032383207411,356.316278313523,0.000152000000,0.000000000000,0.000000000000,-25.995454,-0.188697,-0.093089
1619278451.493000,2021-04-24T15:34:11.493,-30961.805548,43878.124879,-1846513.310739,-97.136210,-1625.335538,-30.940523,8.497472650288,23.032383157704,356.316278375625,0.000152000000,0.000000000000,0.000000000000,-25.995450,-0.188684,-0.093100
1619278451.993000,2021-04-24T15:34:11.993,-31010.254055,43065.536658,-1846528.601548,-97.123944,-1625.352520,-30.222736,8.497548839500,23.032383107999,356.316278437713,0.000152000000,0.000000000000,0.000000000000,-25.995445,-0.188672,-0.093112
1619278452.493000,2021-04-24T15:34:12.493,-31058.698584,42252.940153,-1846543.533462,-97.111661,-1625.369186,-29.504939,8.497625028712,23.032383058293,356.316278499785,0.000152000000,0.000000000000,0.000000000000,-25.995441,-0.188660,-0.093124
1619278452.993000,2021-04-24T15:34:12.993,-31107.139126,41440.335522,-1846558.106475,-97.099358,-1625.385535,-28.787132,8.497701217924,23.032383008588,356.316278561843,0.000152000000,0.000000000000,0.000000000000,-25.995437,-0.188648,-0.093136
1619278453.493000,2021-04-24T15:34:13.493,-31155.575671,40627.722924,-1846572.320583,-97.087037,-1625.401567,-28.069315,8.497777407136,23.032382958883,356.316278623885,0.000152000000,0.000000000000,0.000000000000,-25.995432,-0.188636,-0.093148
1619278453.993000,2021-04-24T15:34:13.993,-31204.008210,39815.102517,-1846586.175781,-97.074698,-1625.417282,-27.351489,8.497853596348,23.032382909179,356.316278685913,0.000152000000,0.000000000000,0.000000000000,-25.995428,-0.188625,-0.093160
1619278454.493000,2021-04-24T15:34:14.493,-31252.436734,39002.474460,-1846599.672064,-97.062339,-1625.432680,-26.633653,8.497929785560,23.032382859475,356.316278747925,0.000152000000,0.000000000000,0.000000000000,-25.995423,-0.188614,-0.093173
1619278454.993000,2021-04-24T15:34:14.993,-31300.861235,38189.838910,-1846612.809427,-97.049963,-1625.447762,-25.915808,8.498005974772,23.032382809771,356.316278809923,0.000152000000,0.000000000000,0.000000000000,-25.995419,-0.188603,-0.093185
1619278455.493000,2021-04-24T15:34:15.493,-31349.281701,37377.196026,-1846625.587866,-97.037568,-1625.462527,-25.197953,8.498082163983,23.032382760068,356.316278871905,0.000152000000,0.000000000000,0.000000000000,-25.995415,-0.188593,-0.093198
1619278455.993000,2021-04-24T15:34:15.993,-31397.698125,36564.545967,-1846638.007376,-97.025154,-1625.476975,-24.480090,8.498158353195,23.032382710365,356.316278933874,0.000152000000,0.000000000000,0.000000000000,-25.995410,-0.188583,-0.093211
1619278456.493000,2021-04-24T15:34:16.493,-31446.110497,35751.888890,-1846650.067952,-97.012722,-1625.491106,-23.762217,8.498234542407,23.032382660662,356.316278995827,0.000152000000,0.000000000000,0.000000000000,-25.995406,-0.188573,-0.093224
1619278456.993000,2021-04-24T15:34:16.993,-31494.518808,34939.224955,-1846661.769589,-97.000271,-1625.504921,-23.044336,8.498310731618,23.032382610960,356.316279057768,0.000152000000,0.000000000000,0.000000000000,-25.995402,-0.188564,-0.093237
1619278457.493000,2021-04-24T15:34:17.493,-31542.923048,34126.554320,-1846673.112285,-96.987802,-1625.518418,-22.326446,8.498386920830,23.032382561258,356.316279119694,0.000152000000,0.000000000000,0.000000000000,-25.995398,-0.188555,-0.093250
1619278457.993000,2021-04-24T15:34:17.993,-31591.323209,33313.877142,-1846684.096033,-96.975314,-1625.531598,-21.608548,8.498463110041,23.032382511556,356.316279181608,0.000152000000,0.000000000000,0.000000000000,-25.995393,-0.188546,-0.093264
1619278458.493000,2021-04-24T15:34:18.493,-31639.719281,32501.193582,-1846694.720830,-96.962807,-1625.544462,-20.890641,8.498539299253,23.032382461854,356.316279243509,0.000152000000,0.000000000000,0.000000000000,-25.995389,-0.188538,-0.093277
1619278458.993000,2021-04-24T15:34:18.993,-31688.111254,31688.503796,-1846704.986671,-96.950282,-1625.557008,-20.172726,8.498615488464,23.032382412153,356.316279305399,0.000152000000,0.000000000000,0.000000000000,-25.995385,-0.188530,-0.093291
1619278459.493000,2021-04-24T15:34:19.493,-31736.499121,30875.807945,-1846714.893553,-96.937739,-1625.569237,-19.454803,8.498691677675,23.032382362452,356.316279367278,0.000152000000,0.000000000000,0.000000000000,-25.995381,-0.188523,-0.093305
1619278459.993000,2021-04-24T15:34:19.993,-31784.882870,30063.106185,-1846724.441471,-96.925177,-1625.581149,-18.736872,8.498767866887,23.032382312751,356.316279429146,0.000152000000,0.000000000000,0.000000000000,-25.995377,-0.188516,-0.093319
1619278460.493000,2021-04-24T15:34:20.493,-31833.262494,29250.398676,-1846733.630422,-96.912596,-1625.592745,-18.018933,8.498844056098,23.032382263051,356.316279491005,0.000152000000,0.000000000000,0.000000000000,-25.995373,-0.188509,-0.093333
1619278460.993000,2021-04-24T15:34:20.993,-31881.637982,28437.685577,-1846742.460401,-96.899997,-1625.604023,-17.300986,8.498920245309,23.032382213350,356.316279552856,0.000152000000,0.000000000000,0.000000000000,-25.995369,-0.188503,-0.093348
1619278461.493000,2021-04-24T15:34:21.493,-31930.009326,27624.967045,-1846750.931404,-96.887380,-1625.614984,-16.583031,8.498996434521,23.032382163650,356.316279614699,0.000152000000,0.000000000000,0.000000000000,-25.995365,-0.188498,-0.093362
1619278461.993000,2021-04-24T15:34:21.993,-31978.376517,26812.243240,-1846759.043428,-96.874743,-1625.625628,-15.865069,8.499072623732,23.032382113949,356.316279676536,0.000152000000,0.000000000000,0.000000000000,-25.995361,-0.188492,-0.093377
1619278462.493000,2021-04-24T15:34:22.493,-32026.739545,25999.514320,-1846766.796469,-96.862089,-1625.635955,-15.147100,8.499148812943,23.032382064249,356.316279738367,0.000152000000,0.000000000000,0.000000000000,-25.995357,-0.188488,-0.093391
1619278462.993000,2021-04-24T15:34:22.993,-32075.098400,25186.780444,-1846774.190523,-96.849415,-1625.645964,-14.429123,8.499225002155,23.032382014549,356.316279800194,0.000152000000,0.000000000000,0.000000000000,-25.995354,-0.188483,-0.093406
1619278463.493000,2021-04-24T15:34:23.493,-32123.453075,24374.041770,-1846781.225587,-96.836724,-1625.655657,-13.711140,8.499301191366,23.032381964849,356.316279862017,0.000152000000,0.000000000000,0.000000000000,-25.995350,-0.188479,-0.093421
1619278463.993000,2021-04-24T15:34:23.993,-32171.803558,23561.298456,-1846787.901657,-96.824013,-1625.665032,-12.993149,8.499377380578,23.032381915148,356.316279923839,0.000152000000,0.000000000000,0.000000000000,-25.995346,-0.188476,-0.093435
1619278464.493000,2021-04-24T15:34:24.493,-32220.149842,22748.550663,-1846794.218730,-96.811284,-1625.674090,-12.275152,8.499453569789,23.032381865448,356.316279985660,0.000152000000,0.000000000000,0.000000000000,-25.995342,-0.188473,-0.093450
1619278464.993000,2021-04-24T15:34:24.993,-32268.491917,21935.798548,-1846800.176802,-96.798537,-1625.682831,-11.557148,8.499529759001,23.032381815748,356.316280047481,0.000152000000,0.000000000000,0.000000000000,-25.995339,-0.188470,-0.093465
1619278465.493000,2021-04-24T15:34:25.493,-32316.829773,21123.042270,-1846805.775870,-96.785771,-1625.691255,-10.839137,8.499605948213,23.032381766047,356.316280109304,0.000152000000,0.000000000000,0.000000000000,-25.995335,-0.188468,-0.093480
1619278465.993000,2021-04-24T15:34:25.993,-32365.163402,20310.281987,-1846811.015931,-96.772986,-1625.699362,-10.121119,8.499682137424,23.032381716346,356.316280171131,0.000152000000,0.000000000000,0.000000000000,-25.995331,-0.188466,-0.093494
1619278466.493000,2021-04-24T15:34:26.493,-32413.492794,19497.517859,-1846815.896981,-96.760183,-1625.707151,-9.403096,8.499758326636,23.032381666645,356.316280232962,0.000152000000,0.000000000000,0.000000000000,-25.995328,-0.188465,-0.093509
1619278466.993000,2021-04-24T15:34:26.993,-32461.817940,18684.750043,-1846820.419017,-96.747362,-1625.714624,-8.685066,8.499834515848,23.032381616944,356.316280294799,0.000152000000,0.000000000000,0.000000000000,-25.995324,-0.188464,-0.093523
1619278467.493000,2021-04-24T15:34:27.493,-32510.138831,17871.978700,-1846824.582037,-96.734522,-1625.721779,-7.967030,8.499910705061,23.032381567243,356.316280356643,0.000152000000,0.000000000000,0.000000000000,-25.995321,-0.188463,-0.093538
1619278467.993000,2021-04-24T15:34:27.993,-32558.455457,17059.203986,-1846828.386037,-96.721663,-1625.728617,-7.248988,8.499986894273,23.032381517541,356.316280418497,0.000152000000,0.000000000000,0.000000000000,-25.995317,-0.188463,-0.093552
1619278468.493000,2021-04-24T15:34:28.493,-32606.767809,16246.426062,-1846831.831015,-96.708786,-1625.735138,-6.530940,8.500063083486,23.032381467838,356.316280480360,0.000152000000,0.000000000000,0.000000000000,-25.995314,-0.188463,-0.093566
1619278468.993000,2021-04-24T15:34:28.993,-32655.075878,15433.645085,-1846834.916967,-96.695890,-1625.741341,-5.812886,8.500139272698,23.032381418136,356.316280542235,0.000152000000,0.000000000000,0.000000000000,-25.995310,-0.188463,-0.093579
1619278469.493000,2021-04-24T15:34:29.493,-32703.379654,14620.861215,-1846837.643891,-96.682975,-1625.747228,-5.094827,8.500215461911,23.032381368432,356.316280604122,0.000152000000,0.000000000000,0.000000000000,-25.995307,-0.188464,-0.093593
1619278469.993000,2021-04-24T15:34:29.993,-32751.679129,13808.074610,-1846840.011784,-96.670042,-1625.752797,-4.376763,8.500291651124,23.032381318729,356.316280666024,0.000152000000,0.000000000000,0.000000000000,-25.995304,-0.188465,-0.093606
1619278470.493000,2021-04-24T15:34:30.493,-32799.974293,12995.285429,-1846842.020643,-96.657091,-1625.758050,-3.658693,8.500367840338,23.032381269025,356.316280727942,0.000152000000,0.000000000000,0.000000000000,-25.995300,-0.188466,-0.093619
1619278470.993000,2021-04-24T15:34:30.993,-32848.265137,12182.493830,-1846843.670467,-96.644121,-1625.762985,-2.940617,8.500444029551,23.032381219320,356.316280789876,0.000152000000,0.000000000000,0.000000000000,-25.995297,-0.188468,-0.093632
1619278471.493000,2021-04-24T15:34:31.493,-32896.551651,11369.699973,-1846844.961251,-96.631132,-1625.767603,-2.222537,8.500520218765,23.032381169615,356.316280851829,0.000152000000,0.000000000000,0.000000000000,-25.995294,-0.188469,-0.093644
1619278471.993000,2021-04-24T15:34:31.993,-32944.833826,10556.904015,-1846845.892995,-96.618125,-1625.771904,-1.504452,8.500596407979,23.032381119909,356.316280913801,0.000152000000,0.000000000000,0.000000000000,-25.995291,-0.188471,-0.093656
1619278472.493000,2021-04-24T15:34:32.493,-32993.111654,9744.106116,-1846846.465695,-96.605099,-1625.775888,-0.786361,8.500672597193,23.032381070202,356.316280975793,0.000152000000,0.000000000000,0.000000000000,-25.995288,-0.188474,-0.093667
1619278472.993000,2021-04-24T15:34:32.993,-33041.385124,8931.306434,-1846846.679349,-96.592055,-1625.779555,-0.068267,8.500748786408,23.032381020495,356.316281037806,0.000152000000,0.000000000000,0.000000000000,-25.995285,-0.188476,-0.093678
1619278473.493000,2021-04-24T15:34:33.493,-33089.654227,8118.505127,-1846846.533956,-96.578992,-1625.782905,0.649833,8.500824975623,23.032380970787,356.316281099842,0.000152000000,0.000000000000,0.000000000000,-25.995281,-0.188478,-0.093688
1619278473.993000,2021-04-24T15:34:33.993,-33137.918955,7305.702355,-1846846.029512,-96.565911,-1625.785938,1.367937,8.500901164838,23.032380921078,356.316281161901,0.000152000000,0.000000000000,0.000000000000,-25.995279,-0.188481,-0.093698
1619278474.493000,2021-04-24T15:34:34.493,-33186.179297,6492.898276,-1846845.166017,-96.552811,-1625.788655,2.086045,8.500977354054,23.032380871369,356.316281223983,0.000152000000,0.000000000000,0.000000000000,-25.995276,-0.188484,-0.093707
1619278474.993000,2021-04-24T15:34:34.993,-33234.435245,5680.093048,-1846843.943467,-96.539692,-1625.791054,2.804157,8.501053543269,23.032380821659,356.316281286091,0.000152000000,0.000000000000,0.000000000000,-25.995273,-0.188487,-0.093716
1619278475.493000,2021-04-24T15:34:35.493,-33282.686789,4867.286830,-1846842.361861,-96.526555,-1625.793136,3.522273,8.501129732485,23.032380771948,356.316281348223,0.000152000000,0.000000000000,0.000000000000,-25.995270,-0.188490,-0.093724
1619278475.993000,2021-04-24T15:34:35.993,-33330.933920,4054.479781,-1846840.421197,-96.513399,-1625.794902,4.240393,8.501205921702,23.032380722237,356.316281410380,0.000152000000,0.000000000000,0.000000000000,-25.995268,-0.188493,-0.093731
1619278476.493000,2021-04-24T15:34:36.493,-33379.176628,3241.672058,-1846838.121473,-96.500224,-1625.796350,4.958517,8.501282110919,23.032380672524,356.316281472563,0.000152000000,0.000000000000,0.000000000000,-25.995265,-0.188496,-0.093738
1619278476.993000,2021-04-24T15:34:36.993,-33427.414905,2428.863822,-1846835.462688,-96.487031,-1625.797482,5.676644,8.501358300136,23.032380622812,356.316281534771,0.000152000000,0.000000000000,0.000000000000,-25.995263,-0.188499,-0.093744
1619278477.493000,2021-04-24T15:34:37.493,-33475.648741,1616.055229,-1846832.444839,-96.473820,-1625.798297,6.394775,8.501434489353,23.032380573098,356.316281597004,0.000152000000,0.000000000000,0.000000000000,-25.995260,-0.188502,-0.093749
1619278477.993000,2021-04-24T15:34:37.993,-33523.878126,803.246438,-1846829.067927,-96.460590,-1625.798796,7.112909,8.501510678571,23.032380523383,356.316281659262,0.000152000000,0.000000000000,0.000000000000,-25.995258,-0.188505,-0.093754
1619278478.493000,2021-04-24T15:34:38.493,-33572.103052,-9.562392,-1846825.331948,-96.447341,-1625.798977,7.831046,8.501586867789,23.032380473668,356.316281721544,0.000152000000,0.000000000000,0.000000000000,-25.995256,-0.188508,-0.093758
1619278478.993000,2021-04-24T15:34:38.993,-33620.323508,-822.371104,-1846821.236901,-96.434073,-1625.798842,8.549185,8.501663057007,23.032380423953,356.316281783849,0.000152000000,0.000000000000,0.000000000000,-25.995255,-0.188511,-0.093761
1619278479.493000,2021-04-24T15:34:39.493,-33668.539486,-1635.179538,-1846816.782786,-96.420787,-1625.798391,9.267328,8.501739246225,23.032380374237,356.316281846176,0.000152000000,0.000000000000,0.000000000000,-25.995253,-0.188513,-0.093763
1619278479.993000,2021-04-24T15:34:39.993,-33716.750977,-2447.987537,-1846811.969600,-96.407482,-1625.797623,9.985473,8.501815435444,23.032380324520,356.316281908524,0.000152000000,0.000000000000,0.000000000000,-25.995252,-0.188516,-0.093765
1619278480.493000,2021-04-24T15:34:40.493,-33764.957970,-3260.794942,-1846806.797344,-96.394159,-1625.796538,10.703620,8.501891624663,23.032380274803,356.316281970890,0.000152000000,0.000000000000,0.000000000000,-25.995251,-0.188519,-0.093766
1619278480.993000,2021-04-24T15:34:40.993,-33813.160457,-4073.601595,-1846801.266014,-96.380817,-1625.795137,11.421770,8.501967813883,23.032380225085,356.316282033274,0.000152000000,0.000000000000,0.000000000000,-25.995250,-0.188521,-0.093766
1619278481.493000,2021-04-24T15:34:41.493,-33861.358428,-4886.407339,-1846795.375612,-96.367456,-1625.793420,12.139921,8.502044003102,23.032380175368,356.316282095673,0.000152000000,0.000000000000,0.000000000000,-25.995249,-0.188523,-0.093766
1619278481.993000,2021-04-24T15:34:41.993,-33909.551874,-5699.212015,-1846789.126135,-96.354077,-1625.791386,12.858075,8.502120192322,23.032380125649,356.316282158083,0.000152000000,0.000000000000,0.000000000000,-25.995249,-0.188525,-0.093764
1619278482.493000,2021-04-24T15:34:42.493,-33957.740786,-6512.015466,-1846782.517584,-96.340679,-1625.789036,13.576229,8.502196381542,23.032380075931,356.316282220502,0.000152000000,0.000000000000,0.000000000000,-25.995250,-0.188527,-0.093763
1619278482.993000,2021-04-24T15:34:42.993,-34005.925154,-7324.817533,-1846775.549956,-96.327263,-1625.786370,14.294385,8.502272570762,23.032380026213,356.316282282927,0.000152000000,0.000000000000,0.000000000000,-25.995250,-0.188529,-0.093760
1619278483.493000,2021-04-24T15:34:43.493,-34054.104968,-8137.618059,-1846768.223251,-96.313827,-1625.783387,15.012543,8.502348759982,23.032379976495,356.316282345354,0.000152000000,0.000000000000,0.000000000000,-25.995251,-0.188530,-0.093757
1619278483.993000,2021-04-24T15:34:43.993,-34102.280220,-8950.416885,-1846760.537470,-96.300373,-1625.780088,15.730701,8.502424949202,23.032379926778,356.316282407778,0.000152000000,0.000000000000,0.000000000000,-25.995253,-0.188531,-0.093753
1619278484.493000,2021-04-24T15:34:44.493,-34150.450900,-9763.213855,-1846752.492611,-96.286901,-1625.776473,16.448859,8.502501138422,23.032379877060,356.316282470194,0.000152000000,0.000000000000,0.000000000000,-25.995255,-0.188532,-0.093749
1619278484.993000,2021-04-24T15:34:44.993,-34198.616998,-10576.008811,-1846744.088674,-96.273410,-1625.772542,17.167018,8.502577327642,23.032379827344,356.316282532599,0.000152000000,0.000000000000,0.000000000000,-25.995258,-0.188533,-0.093744
1619278485.493000,2021-04-24T15:34:45.493,-34246.778505,-11388.801595,-1846735.325658,-96.259900,-1625.768295,17.885178,8.502653516862,23.032379777628,356.316282594985,0.000152000000,0.000000000000,0.000000000000,-25.995261,-0.188534,-0.093739
1619278485.993000,2021-04-24T15:34:45.993,-34294.935412,-12201.592050,-1846726.203564,-96.246371,-1625.763732,18.603337,8.502729706082,23.032379727913,356.316282657347,0.000152000000,0.000000000000,0.000000000000,-25.995265,-0.188534,-0.093734
1619278486.493000,2021-04-24T15:34:46.493,-34343.087710,-13014.380018,-1846716.722391,-96.232824,-1625.758853,19.321496,8.502805895302,23.032379678199,356.316282719678,0.000152000000,0.000000000000,0.000000000000,-25.995270,-0.188534,-0.093728
1619278486.993000,2021-04-24T15:34:46.993,-34391.235388,-13827.165343,-1846706.882139,-96.219257,-1625.753658,20.039654,8.502882084521,23.032379628487,356.316282781971,0.000152000000,0.000000000000,0.000000000000,-25.995275,-0.188534,-0.093723
1619278487.493000,2021-04-24T15:34:47.493,-34439.378438,-14639.947867,-1846696.682808,-96.205673,-1625.748147,20.757811,8.502958273740,23.032379578777,356.316282844218,0.000152000000,0.000000000000,0.000000000000,-25.995281,-0.188534,-0.093717
1619278487.993000,2021-04-24T15:34:47.993,-34487.516850,-15452.727433,-1846686.124398,-96.192069,-1625.742321,21.475967,8.503034462958,23.032379529068,356.316282906410,0.000152000000,0.000000000000,0.000000000000,-25.995289,-0.188534,-0.093711
1619278488.493000,2021-04-24T15:34:48.493,-34535.650614,-16265.503884,-1846675.206910,-96.178447,-1625.736178,22.194121,8.503110652176,23.032379479362,356.316282968538,0.000152000000,0.000000000000,0.000000000000,-25.995297,-0.188534,-0.093706
1619278488.993000,2021-04-24T15:34:48.993,-34583.779722,-17078.277064,-1846663.930344,-96.164806,-1625.729720,22.912274,8.503186841394,23.032379429658,356.316283030593,0.000152000000,0.000000000000,0.000000000000,-25.995306,-0.188534,-0.093701
1619278489.493000,2021-04-24T15:34:49.493,-34631.904163,-17891.046816,-1846652.294700,-96.151146,-1625.722947,23.630424,8.503263030610,23.032379379957,356.316283092564,0.000152000000,0.000000000000,0.000000000000,-25.995317,-0.188533,-0.093696
1619278489.993000,2021-04-24T15:34:49.993,-34680.023928,-18703.812983,-1846640.299979,-96.137467,-1625.715857,24.348571,8.503339219826,23.032379330260,356.316283154439,0.000152000000,0.000000000000,0.000000000000,-25.995329,-0.188533,-0.093692
1619278490.493000,2021-04-24T15:34:50.493,-34728.139008,-19516.575408,-1846627.946181,-96.123770,-1625.708452,25.066716,8.503415409040,23.032379280566,356.316283216207,0.000152000000,0.000000000000,0.000000000000,-25.995342,-0.188533,-0.093689
1619278490.993000,2021-04-24T15:34:50.993,-34776.249392,-20329.333937,-1846615.233308,-96.110054,-1625.700732,25.784858,8.503491598254,23.032379230876,356.316283277854,0.000152000000,0.000000000000,0.000000000000,-25.995356,-0.188533,-0.093687
1619278491.493000,2021-04-24T15:34:51.493,-34824.355073,-21142.088412,-1846602.161359,-96.096319,-1625.692696,26.502996,8.503567787466,23.032379181191,356.316283339368,0.000152000000,0.000000000000,0.000000000000,-25.995372,-0.188533,-0.093686
1619278491.993000,2021-04-24T15:34:51.993,-34872.456040,-21954.838677,-1846588.730336,-96.082565,-1625.684345,27.221129,8.503643976677,23.032379131510,356.316283400734,0.000152000000,0.000000000000,0.000000000000,-25.995390,-0.188533,-0.093687
1619278492.493000,2021-04-24T15:34:52.493,-34920.552283,-22767.584576,-1846574.940241,-96.068793,-1625.675678,27.939259,8.503720165886,23.032379081835,356.316283461935,0.000152000000,0.000000000000,0.000000000000,-25.995409,-0.188534,-0.093689
1619278492.993000,2021-04-24T15:34:52.993,-34968.643794,-23580.325955,-1846560.791073,-96.055001,-1625.666696,28.657383,8.503796355094,23.032379032166,356.316283522957,0.000152000000,0.000000000000,0.000000000000,-25.995430,-0.188535,-0.093694
1619278493.493000,2021-04-24T15:34:53.493,-35016.730562,-24393.062656,-1846546.282835,-96.041191,-1625.657398,29.375502,8.503872544300,23.032378982503,356.316283583781,0.000152000000,0.000000000000,0.000000000000,-25.995453,-0.188537,-0.093700
1619278493.993000,2021-04-24T15:34:53.993,-35064.812578,-25205.794526,-1846531.415527,-96.027362,-1625.647785,30.093616,8.503948733504,23.032378932847,356.316283644390,0.000152000000,0.000000000000,0.000000000000,-25.995479,-0.188539,-0.093709
1619278494.493000,2021-04-24T15:34:54.493,-35112.889832,-26018.521408,-1846516.189152,-96.013514,-1625.637857,30.811723,8.504024922705,23.032378883199,356.316283704764,0.000152000000,0.000000000000,0.000000000000,-25.995506,-0.188542,-0.093721
1619278494.993000,2021-04-24T15:34:54.993,-35160.962315,-26831.243147,-1846500.603710,-95.999647,-1625.627614,31.529823,8.504101111904,23.032378833559,356.316283764882,0.000152000000,0.000000000000,0.000000000000,-25.995536,-0.188546,-0.093736
